<?xml version="1.0" encoding="UTF-8"?>
<feature id="org.eclipse.gef.source" version="3.6.2.v20110128-0100-777B381A4Bz06565376E32322" label="%featureName" provider-name="%providerName" image="eclipse_update_120.jpg"    >
	<description >
		%description
	</description>
	<copyright >
		%copyright
	</copyright>
	<license url="%licenseURL">
		%license
	</license>
	<url>
		<update url="http://download.eclipse.org/tools/gef/updates/releases/site.xml" label="%updateSiteName"/>
		<discovery url="http://download.eclipse.org/tools/gef/updates/releases/site.xml" label="%updateSiteName"/>
	</url>
	<plugin id="org.eclipse.gef.source" version="3.6.2.v20110110-2020"     unpack="false"/>
</feature>
